 Market,Reference ID (buy),Reference ID (sell),Barrier,Start Time,Entry Spot,Entry Spot Time,Exit Spot,Exit Spot Time,Buy Price,Profit/Loss
Volatility 100 Index,353379905568,353379914968,0,2022-7-10 13:21:09 GMT,20668.94,2022-7-10 13:21:10 GMT,20668.94,2022-7-10 13:21:10 GMT,5.73,-5.73
Volatility 100 Index,353379767488,353379776228,0,2022-7-10 13:20:25 GMT,20654.10,2022-7-10 13:20:26 GMT,20654.10,2022-7-10 13:20:26 GMT,3.27,-3.27
Volatility 100 Index,353379610708,353379620068,0,2022-7-10 13:19:33 GMT,20664.78,2022-7-10 13:19:34 GMT,20664.78,2022-7-10 13:19:34 GMT,1.87,-1.87
Volatility 100 Index,353379552908,353379562048,0,2022-7-10 13:19:13 GMT,20671.22,2022-7-10 13:19:14 GMT,20671.22,2022-7-10 13:19:14 GMT,1.07,-1.07
Volatility 100 Index,353379471028,353379479008,0,2022-7-10 13:18:45 GMT,20641.79,2022-7-10 13:18:46 GMT,20641.79,2022-7-10 13:18:46 GMT,0.61,-0.61
Volatility 100 Index,353379271308,353379278928,0,2022-7-10 13:17:37 GMT,20674.73,2022-7-10 13:17:38 GMT,20674.73,2022-7-10 13:17:38 GMT,0.35,-0.35
Volatility 100 Index,353378651388,353378658968,0,2022-7-10 13:14:15 GMT,20651.11,2022-7-10 13:14:16 GMT,20651.11,2022-7-10 13:14:16 GMT,0.35,0.31
Volatility 100 Index,353378550108,353378557948,0,2022-7-10 13:13:41 GMT,20617.03,2022-7-10 13:13:42 GMT,20617.03,2022-7-10 13:13:42 GMT,0.61,0.57
Volatility 100 Index,353378441028,353378449808,0,2022-7-10 13:13:05 GMT,20650.29,2022-7-10 13:13:06 GMT,20650.29,2022-7-10 13:13:06 GMT,0.35,-0.35
Volatility 100 Index,353378380788,353378389948,0,2022-7-10 13:12:45 GMT,20632.59,2022-7-10 13:12:46 GMT,20632.59,2022-7-10 13:12:46 GMT,0.35,0.31
Volatility 100 Index,353378181748,353378190408,0,2022-7-10 13:11:39 GMT,20665.27,2022-7-10 13:11:40 GMT,20665.27,2022-7-10 13:11:40 GMT,0.35,0.31
Volatility 100 Index,353378110048,353378119768,0,2022-7-10 13:11:15 GMT,20658.26,2022-7-10 13:11:16 GMT,20658.26,2022-7-10 13:11:16 GMT,0.61,0.57
Volatility 100 Index,353378060188,353378069708,0,2022-7-10 13:10:59 GMT,20662.73,2022-7-10 13:11:00 GMT,20662.73,2022-7-10 13:11:00 GMT,0.35,-0.35
Volatility 100 Index,353377990148,353377999548,0,2022-7-10 13:10:35 GMT,20651.67,2022-7-10 13:10:36 GMT,20651.67,2022-7-10 13:10:36 GMT,1.07,1.03
Volatility 100 Index,353377746448,353377756648,0,2022-7-10 13:09:15 GMT,20678.59,2022-7-10 13:09:16 GMT,20678.59,2022-7-10 13:09:16 GMT,0.61,-0.61
Volatility 100 Index,353377217648,353377227488,0,2022-7-10 13:06:23 GMT,20772.33,2022-7-10 13:06:24 GMT,20772.33,2022-7-10 13:06:24 GMT,0.35,-0.35
Volatility 100 Index,353377089348,353377100068,0,2022-7-10 13:05:41 GMT,20787.96,2022-7-10 13:05:42 GMT,20787.96,2022-7-10 13:05:42 GMT,0.35,0.31
Volatility 100 Index,353376951228,353376960108,0,2022-7-10 13:04:57 GMT,20820.96,2022-7-10 13:04:58 GMT,20820.96,2022-7-10 13:04:58 GMT,0.35,0.31
Volatility 100 Index,353376440668,353376448848,0,2022-7-10 13:02:13 GMT,20841.12,2022-7-10 13:02:14 GMT,20841.12,2022-7-10 13:02:14 GMT,0.61,0.57
Volatility 100 Index,353376377648,353376386008,0,2022-7-10 13:01:53 GMT,20831.68,2022-7-10 13:01:54 GMT,20831.68,2022-7-10 13:01:54 GMT,0.35,-0.35
Volatility 100 Index,353375979308,353375986888,0,2022-7-10 12:59:47 GMT,20803.00,2022-7-10 12:59:48 GMT,20803.00,2022-7-10 12:59:48 GMT,3.27,3.14
Volatility 100 Index,353375448588,353375456748,0,2022-7-10 12:56:57 GMT,20766.68,2022-7-10 12:56:58 GMT,20766.68,2022-7-10 12:56:58 GMT,1.87,-1.87
Volatility 100 Index,353374555988,353374564208,0,2022-7-10 12:52:15 GMT,20722.38,2022-7-10 12:52:16 GMT,20722.38,2022-7-10 12:52:16 GMT,1.07,-1.07
Volatility 100 Index,353374467648,353374476948,0,2022-7-10 12:51:47 GMT,20738.55,2022-7-10 12:51:48 GMT,20738.55,2022-7-10 12:51:48 GMT,0.61,-0.61
Volatility 100 Index,353374097948,353374109108,0,2022-7-10 12:49:51 GMT,20775.44,2022-7-10 12:49:52 GMT,20775.44,2022-7-10 12:49:52 GMT,0.35,-0.35
Volatility 100 Index,353373787968,353373795068,0,2022-7-10 12:48:09 GMT,20718.66,2022-7-10 12:48:10 GMT,20718.66,2022-7-10 12:48:10 GMT,1.07,1.03
Volatility 100 Index,353373609048,353373616888,0,2022-7-10 12:47:09 GMT,20746.47,2022-7-10 12:47:10 GMT,20746.47,2022-7-10 12:47:10 GMT,0.61,-0.61
Volatility 100 Index,353373391048,353373401168,0,2022-7-10 12:45:59 GMT,20802.76,2022-7-10 12:46:00 GMT,20802.76,2022-7-10 12:46:00 GMT,0.35,-0.35
Volatility 100 Index,353373341188,353373351628,0,2022-7-10 12:45:43 GMT,20809.29,2022-7-10 12:45:44 GMT,20809.29,2022-7-10 12:45:44 GMT,0.35,0.31
Volatility 100 Index,353373251968,353373259188,0,2022-7-10 12:45:13 GMT,20828.21,2022-7-10 12:45:14 GMT,20828.21,2022-7-10 12:45:14 GMT,0.35,0.31
Volatility 100 Index,353372622668,353372633848,0,2022-7-10 12:41:39 GMT,20869.37,2022-7-10 12:41:40 GMT,20869.37,2022-7-10 12:41:40 GMT,0.61,0.57
Volatility 100 Index,353372566168,353372573708,0,2022-7-10 12:41:19 GMT,20854.20,2022-7-10 12:41:20 GMT,20854.20,2022-7-10 12:41:20 GMT,0.35,-0.35
Volatility 100 Index,353372532148,353372542008,0,2022-7-10 12:41:07 GMT,20849.63,2022-7-10 12:41:08 GMT,20849.63,2022-7-10 12:41:08 GMT,0.35,0.31
Volatility 100 Index,353372368268,353372375748,0,2022-7-10 12:40:09 GMT,20874.85,2022-7-10 12:40:10 GMT,20874.85,2022-7-10 12:40:10 GMT,0.35,0.31
Volatility 100 Index,353372322808,353372329468,0,2022-7-10 12:39:53 GMT,20845.03,2022-7-10 12:39:54 GMT,20845.03,2022-7-10 12:39:54 GMT,1.07,1.03
Volatility 100 Index,353372294968,353372301828,0,2022-7-10 12:39:43 GMT,20846.42,2022-7-10 12:39:44 GMT,20846.42,2022-7-10 12:39:44 GMT,0.61,-0.61
Volatility 100 Index,353372265848,353372273568,0,2022-7-10 12:39:33 GMT,20836.76,2022-7-10 12:39:34 GMT,20836.76,2022-7-10 12:39:34 GMT,0.35,-0.35
Volatility 100 Index,353372194968,353372202148,0,2022-7-10 12:39:07 GMT,20844.11,2022-7-10 12:39:08 GMT,20844.11,2022-7-10 12:39:08 GMT,0.61,0.57
Volatility 100 Index,353372092368,353372103888,0,2022-7-10 12:38:31 GMT,20847.84,2022-7-10 12:38:32 GMT,20847.84,2022-7-10 12:38:32 GMT,0.35,-0.35
Volatility 100 Index,353372040548,353372048808,0,2022-7-10 12:38:13 GMT,20846.45,2022-7-10 12:38:14 GMT,20846.45,2022-7-10 12:38:14 GMT,0.61,0.57
Volatility 100 Index,353371870148,353371877308,0,2022-7-10 12:37:11 GMT,20848.95,2022-7-10 12:37:12 GMT,20848.95,2022-7-10 12:37:12 GMT,0.35,-0.35
Volatility 100 Index,353371745308,353371754508,0,2022-7-10 12:36:27 GMT,20833.95,2022-7-10 12:36:28 GMT,20833.95,2022-7-10 12:36:28 GMT,0.35,0.31
Volatility 100 Index,353371512248,353371522428,0,2022-7-10 12:35:03 GMT,20865.99,2022-7-10 12:35:04 GMT,20865.99,2022-7-10 12:35:04 GMT,0.35,0.31
Volatility 100 Index,353371364988,353371372108,0,2022-7-10 12:34:09 GMT,20843.55,2022-7-10 12:34:10 GMT,20843.55,2022-7-10 12:34:10 GMT,3.27,3.14
Volatility 100 Index,353371163928,353371171608,0,2022-7-10 12:32:57 GMT,20845.56,2022-7-10 12:32:58 GMT,20845.56,2022-7-10 12:32:58 GMT,1.87,-1.87
Volatility 100 Index,353370842748,353370849948,0,2022-7-10 12:31:03 GMT,20808.28,2022-7-10 12:31:04 GMT,20808.28,2022-7-10 12:31:04 GMT,1.07,-1.07
Volatility 100 Index,353370774108,353370784808,0,2022-7-10 12:30:39 GMT,20822.44,2022-7-10 12:30:40 GMT,20822.44,2022-7-10 12:30:40 GMT,0.61,-0.61
Volatility 100 Index,353370657528,353370666888,0,2022-7-10 12:29:57 GMT,20809.90,2022-7-10 12:29:58 GMT,20809.90,2022-7-10 12:29:58 GMT,0.35,-0.35
Volatility 100 Index,353370580068,353370588788,0,2022-7-10 12:29:29 GMT,20815.35,2022-7-10 12:29:30 GMT,20815.35,2022-7-10 12:29:30 GMT,17.55,16.86
Volatility 100 Index,353370535108,353370545108,0,2022-7-10 12:29:13 GMT,20817.75,2022-7-10 12:29:14 GMT,20817.75,2022-7-10 12:29:14 GMT,10.03,-10.03
Volatility 100 Index,353370507248,353370516768,0,2022-7-10 12:29:03 GMT,20832.23,2022-7-10 12:29:04 GMT,20832.23,2022-7-10 12:29:04 GMT,5.73,-5.73
Volatility 100 Index,353370463668,353370470768,0,2022-7-10 12:28:47 GMT,20834.22,2022-7-10 12:28:48 GMT,20834.22,2022-7-10 12:28:48 GMT,3.27,-3.27
Volatility 100 Index,353370416008,353370426248,0,2022-7-10 12:28:29 GMT,20853.12,2022-7-10 12:28:30 GMT,20853.12,2022-7-10 12:28:30 GMT,1.87,-1.87
Volatility 100 Index,353369999008,353370007948,0,2022-7-10 12:26:03 GMT,20872.07,2022-7-10 12:26:04 GMT,20872.07,2022-7-10 12:26:04 GMT,1.07,-1.07
Volatility 100 Index,353369672088,353369681248,0,2022-7-10 12:24:07 GMT,20912.57,2022-7-10 12:24:08 GMT,20912.57,2022-7-10 12:24:08 GMT,0.61,-0.61
Volatility 100 Index,353368599288,353368609128,0,2022-7-10 12:17:45 GMT,20945.08,2022-7-10 12:17:46 GMT,20945.08,2022-7-10 12:17:46 GMT,0.35,-0.35
Volatility 100 Index,353368427128,353368436948,0,2022-7-10 12:16:43 GMT,20902.47,2022-7-10 12:16:44 GMT,20902.47,2022-7-10 12:16:44 GMT,0.61,0.57
Volatility 100 Index,353368397988,353368405188,0,2022-7-10 12:16:33 GMT,20901.70,2022-7-10 12:16:34 GMT,20901.70,2022-7-10 12:16:34 GMT,0.35,-0.35
Volatility 100 Index,353368296408,353368306188,0,2022-7-10 12:15:57 GMT,20885.95,2022-7-10 12:15:58 GMT,20885.95,2022-7-10 12:15:58 GMT,0.35,0.31
Volatility 100 Index,353368239768,353368249048,0,2022-7-10 12:15:37 GMT,20881.94,2022-7-10 12:15:38 GMT,20881.94,2022-7-10 12:15:38 GMT,0.35,0.31
Volatility 100 Index,353368073948,353368082088,0,2022-7-10 12:14:37 GMT,20811.35,2022-7-10 12:14:38 GMT,20811.35,2022-7-10 12:14:38 GMT,0.35,0.31
Volatility 100 Index,353367896968,353367903308,0,2022-7-10 12:13:31 GMT,20800.57,2022-7-10 12:13:32 GMT,20800.57,2022-7-10 12:13:32 GMT,0.35,0.31
Volatility 100 Index,353367863428,353367871408,0,2022-7-10 12:13:19 GMT,20780.65,2022-7-10 12:13:20 GMT,20780.65,2022-7-10 12:13:20 GMT,0.35,0.31
Volatility 100 Index,353367547548,353367554108,0,2022-7-10 12:11:25 GMT,20803.14,2022-7-10 12:11:26 GMT,20803.14,2022-7-10 12:11:26 GMT,0.35,0.31
Volatility 100 Index,353367511248,353367520308,0,2022-7-10 12:11:11 GMT,20822.09,2022-7-10 12:11:12 GMT,20822.09,2022-7-10 12:11:12 GMT,0.61,0.57
Volatility 100 Index,353367410388,353367417788,0,2022-7-10 12:10:35 GMT,20811.93,2022-7-10 12:10:36 GMT,20811.93,2022-7-10 12:10:36 GMT,0.35,-0.35
Volatility 100 Index,353366998908,353367006068,0,2022-7-10 12:08:09 GMT,20794.34,2022-7-10 12:08:10 GMT,20794.34,2022-7-10 12:08:10 GMT,3.27,3.14
Volatility 100 Index,353366910428,353366919108,0,2022-7-10 12:07:37 GMT,20794.25,2022-7-10 12:07:38 GMT,20794.25,2022-7-10 12:07:38 GMT,1.87,-1.87
Volatility 100 Index,353366882968,353366892228,0,2022-7-10 12:07:27 GMT,20784.21,2022-7-10 12:07:28 GMT,20784.21,2022-7-10 12:07:28 GMT,1.07,-1.07
Volatility 100 Index,353366334228,353366340088,0,2022-7-10 12:04:09 GMT,20660.66,2022-7-10 12:04:10 GMT,20660.66,2022-7-10 12:04:10 GMT,0.61,-0.61
Volatility 100 Index,353366207768,353366218488,0,2022-7-10 12:03:23 GMT,20593.11,2022-7-10 12:03:24 GMT,20593.11,2022-7-10 12:03:24 GMT,0.35,-0.35
Volatility 100 Index,353365993528,353366002748,0,2022-7-10 12:02:03 GMT,20544.65,2022-7-10 12:02:04 GMT,20544.65,2022-7-10 12:02:04 GMT,1.07,1.03
Volatility 100 Index,353365966588,353365975968,0,2022-7-10 12:01:53 GMT,20540.98,2022-7-10 12:01:54 GMT,20540.98,2022-7-10 12:01:54 GMT,0.61,-0.61
Volatility 100 Index,353365915348,353365923768,0,2022-7-10 12:01:33 GMT,20538.48,2022-7-10 12:01:34 GMT,20538.48,2022-7-10 12:01:34 GMT,0.35,-0.35
Volatility 100 Index,353365780548,353365788208,0,2022-7-10 12:00:44 GMT,20531.33,2022-7-10 12:00:46 GMT,20531.33,2022-7-10 12:00:46 GMT,0.35,0.31
Volatility 100 Index,353365711188,353365720488,0,2022-7-10 12:00:17 GMT,20502.87,2022-7-10 12:00:18 GMT,20502.87,2022-7-10 12:00:18 GMT,0.61,0.57
Volatility 100 Index,353365500868,353365512008,0,2022-7-10 11:59:01 GMT,20499.20,2022-7-10 11:59:02 GMT,20499.20,2022-7-10 11:59:02 GMT,0.35,-0.35
Volatility 100 Index,353365403648,353365409968,0,2022-7-10 11:58:25 GMT,20467.19,2022-7-10 11:58:26 GMT,20467.19,2022-7-10 11:58:26 GMT,1.07,1.03
Volatility 100 Index,353365085908,353365095848,0,2022-7-10 11:56:25 GMT,20426.37,2022-7-10 11:56:26 GMT,20426.37,2022-7-10 11:56:26 GMT,0.61,-0.61
Volatility 100 Index,353364668808,353364676608,0,2022-7-10 11:53:41 GMT,20466.18,2022-7-10 11:53:42 GMT,20466.18,2022-7-10 11:53:42 GMT,0.35,-0.35
Volatility 100 Index,353364546028,353364554128,0,2022-7-10 11:52:55 GMT,20460.75,2022-7-10 11:52:56 GMT,20460.75,2022-7-10 11:52:56 GMT,0.61,0.57
Volatility 100 Index,353364495868,353364503268,0,2022-7-10 11:52:35 GMT,20470.22,2022-7-10 11:52:36 GMT,20470.22,2022-7-10 11:52:36 GMT,0.35,-0.35
Volatility 100 Index,353364281508,353364289828,0,2022-7-10 11:51:11 GMT,20463.10,2022-7-10 11:51:12 GMT,20463.10,2022-7-10 11:51:12 GMT,0.35,0.31
Volatility 100 Index,353364091388,353364098828,0,2022-7-10 11:49:59 GMT,20497.55,2022-7-10 11:50:00 GMT,20497.55,2022-7-10 11:50:00 GMT,0.35,0.31
Volatility 100 Index,353364012328,353364019668,0,2022-7-10 11:49:29 GMT,20465.28,2022-7-10 11:49:30 GMT,20465.28,2022-7-10 11:49:30 GMT,0.61,0.57
Volatility 100 Index,353363673848,353363680708,0,2022-7-10 11:47:19 GMT,20536.30,2022-7-10 11:47:20 GMT,20536.30,2022-7-10 11:47:20 GMT,0.35,-0.35
Volatility 100 Index,353363648128,353363654608,0,2022-7-10 11:47:09 GMT,20541.98,2022-7-10 11:47:10 GMT,20541.98,2022-7-10 11:47:10 GMT,0.35,0.31
Volatility 100 Index,353363606748,353363613468,0,2022-7-10 11:46:53 GMT,20550.64,2022-7-10 11:46:54 GMT,20550.64,2022-7-10 11:46:54 GMT,0.35,0.31
Volatility 100 Index,353363575868,353363585148,0,2022-7-10 11:46:41 GMT,20549.17,2022-7-10 11:46:42 GMT,20549.17,2022-7-10 11:46:42 GMT,0.61,0.57
Volatility 100 Index,353363412248,353363422628,0,2022-7-10 11:45:41 GMT,20605.43,2022-7-10 11:45:42 GMT,20605.43,2022-7-10 11:45:42 GMT,0.35,-0.35
Volatility 100 Index,353363356088,353363366868,0,2022-7-10 11:45:21 GMT,20610.45,2022-7-10 11:45:22 GMT,20610.45,2022-7-10 11:45:22 GMT,0.61,0.57
Volatility 100 Index,353363236748,353363246688,0,2022-7-10 11:44:37 GMT,20601.74,2022-7-10 11:44:38 GMT,20601.74,2022-7-10 11:44:38 GMT,0.35,-0.35
Volatility 100 Index,353362935468,353362944668,0,2022-7-10 11:42:41 GMT,20652.37,2022-7-10 11:42:42 GMT,20652.37,2022-7-10 11:42:42 GMT,0.61,0.57
Volatility 100 Index,353362909808,353362915828,0,2022-7-10 11:42:31 GMT,20651.04,2022-7-10 11:42:32 GMT,20651.04,2022-7-10 11:42:32 GMT,0.35,-0.35
Volatility 100 Index,353362622468,353362630708,0,2022-7-10 11:40:37 GMT,20646.33,2022-7-10 11:40:38 GMT,20646.33,2022-7-10 11:40:38 GMT,0.35,0.31
Volatility 100 Index,353362581788,353362590188,0,2022-7-10 11:40:21 GMT,20634.15,2022-7-10 11:40:22 GMT,20634.15,2022-7-10 11:40:22 GMT,1.87,1.8
Volatility 100 Index,353362508828,353362515208,0,2022-7-10 11:39:53 GMT,20654.60,2022-7-10 11:39:54 GMT,20654.60,2022-7-10 11:39:54 GMT,1.07,-1.07
Volatility 100 Index,353362297388,353362305508,0,2022-7-10 11:38:27 GMT,20697.25,2022-7-10 11:38:28 GMT,20697.25,2022-7-10 11:38:28 GMT,0.61,-0.61
Volatility 100 Index,353362200868,353362207448,0,2022-7-10 11:37:49 GMT,20695.39,2022-7-10 11:37:50 GMT,20695.39,2022-7-10 11:37:50 GMT,0.35,-0.35
Volatility 100 Index,353362155968,353362164788,0,2022-7-10 11:37:31 GMT,20679.80,2022-7-10 11:37:32 GMT,20679.80,2022-7-10 11:37:32 GMT,1.87,1.8
Volatility 100 Index,353362130388,353362139548,0,2022-7-10 11:37:21 GMT,20671.71,2022-7-10 11:37:22 GMT,20671.71,2022-7-10 11:37:22 GMT,1.07,-1.07
Volatility 100 Index,353362039708,353362047928,0,2022-7-10 11:36:45 GMT,20643.35,2022-7-10 11:36:46 GMT,20643.35,2022-7-10 11:36:46 GMT,0.61,-0.61
Volatility 100 Index,353361864548,353361874088,0,2022-7-10 11:35:35 GMT,20711.20,2022-7-10 11:35:36 GMT,20711.20,2022-7-10 11:35:36 GMT,0.35,-0.35
Volatility 100 Index,353361570628,353361579148,0,2022-7-10 11:33:39 GMT,20713.60,2022-7-10 11:33:40 GMT,20713.60,2022-7-10 11:33:40 GMT,0.61,0.57
Volatility 100 Index,353360828888,353360837668,0,2022-7-10 11:28:41 GMT,20723.06,2022-7-10 11:28:42 GMT,20723.06,2022-7-10 11:28:42 GMT,0.35,-0.35
Volatility 100 Index,353360444448,353360451388,0,2022-7-10 11:26:03 GMT,20700.09,2022-7-10 11:26:04 GMT,20700.09,2022-7-10 11:26:04 GMT,0.61,0.57
Volatility 100 Index,353360328248,353360336348,0,2022-7-10 11:25:15 GMT,20719.62,2022-7-10 11:25:16 GMT,20719.62,2022-7-10 11:25:16 GMT,0.35,-0.35
Volatility 100 Index,353360232188,353360239448,0,2022-7-10 11:24:35 GMT,20698.28,2022-7-10 11:24:36 GMT,20698.28,2022-7-10 11:24:36 GMT,0.35,0.31
Volatility 100 Index,353359809348,353359817968,0,2022-7-10 11:21:47 GMT,20688.85,2022-7-10 11:21:48 GMT,20688.85,2022-7-10 11:21:48 GMT,1.07,1.03
Volatility 100 Index,353359736568,353359744668,0,2022-7-10 11:21:17 GMT,20680.71,2022-7-10 11:21:18 GMT,20680.71,2022-7-10 11:21:18 GMT,0.61,-0.61
Volatility 100 Index,353359461088,353359471088,0,2022-7-10 11:19:29 GMT,20661.31,2022-7-10 11:19:30 GMT,20661.31,2022-7-10 11:19:30 GMT,0.35,-0.35
Volatility 100 Index,353358911608,353358918748,0,2022-7-10 11:15:47 GMT,20657.78,2022-7-10 11:15:48 GMT,20657.78,2022-7-10 11:15:48 GMT,0.35,0.31
Volatility 100 Index,353358840228,353358848668,0,2022-7-10 11:15:17 GMT,20683.60,2022-7-10 11:15:18 GMT,20683.60,2022-7-10 11:15:18 GMT,3.27,3.14
Volatility 100 Index,353358817888,353358824968,0,2022-7-10 11:15:07 GMT,20702.23,2022-7-10 11:15:08 GMT,20702.23,2022-7-10 11:15:08 GMT,1.87,-1.87
Volatility 100 Index,353358772708,353358780508,0,2022-7-10 11:14:49 GMT,20710.83,2022-7-10 11:14:50 GMT,20710.83,2022-7-10 11:14:50 GMT,1.07,-1.07
Volatility 100 Index,353358587088,353358594088,0,2022-7-10 11:13:33 GMT,20674.11,2022-7-10 11:13:34 GMT,20674.11,2022-7-10 11:13:34 GMT,0.61,-0.61
Volatility 100 Index,353358553888,353358559428,0,2022-7-10 11:13:19 GMT,20670.86,2022-7-10 11:13:20 GMT,20670.86,2022-7-10 11:13:20 GMT,0.35,-0.35
Volatility 100 Index,353358509808,353358517508,0,2022-7-10 11:13:01 GMT,20671.41,2022-7-10 11:13:02 GMT,20671.41,2022-7-10 11:13:02 GMT,0.35,0.31
Volatility 100 Index,353358386748,353358394868,0,2022-7-10 11:12:09 GMT,20658.55,2022-7-10 11:12:10 GMT,20658.55,2022-7-10 11:12:10 GMT,0.61,0.57
Volatility 100 Index,353358333968,353358341428,0,2022-7-10 11:11:47 GMT,20662.55,2022-7-10 11:11:48 GMT,20662.55,2022-7-10 11:11:48 GMT,0.35,-0.35
Volatility 100 Index,353358170408,353358177948,0,2022-7-10 11:10:39 GMT,20644.37,2022-7-10 11:10:40 GMT,20644.37,2022-7-10 11:10:40 GMT,0.61,0.57
Volatility 100 Index,353358146348,353358155608,0,2022-7-10 11:10:29 GMT,20655.32,2022-7-10 11:10:30 GMT,20655.32,2022-7-10 11:10:30 GMT,0.35,-0.35
Volatility 100 Index,353358027448,353358037928,0,2022-7-10 11:09:40 GMT,20667.08,2022-7-10 11:09:42 GMT,20667.08,2022-7-10 11:09:42 GMT,0.35,0.31
Volatility 100 Index,353357975868,353357983908,0,2022-7-10 11:09:19 GMT,20629.14,2022-7-10 11:09:20 GMT,20629.14,2022-7-10 11:09:20 GMT,0.35,0.31
Volatility 100 Index,353357813728,353357820768,0,2022-7-10 11:08:11 GMT,20594.31,2022-7-10 11:08:12 GMT,20594.31,2022-7-10 11:08:12 GMT,1.07,1.03
Volatility 100 Index,353357364808,353357373028,0,2022-7-10 11:05:03 GMT,20616.81,2022-7-10 11:05:04 GMT,20616.81,2022-7-10 11:05:04 GMT,0.61,-0.61
Volatility 100 Index,353357298788,353357307888,0,2022-7-10 11:04:35 GMT,20614.61,2022-7-10 11:04:36 GMT,20614.61,2022-7-10 11:04:36 GMT,0.35,-0.35
Volatility 100 Index,353357265828,353357272048,0,2022-7-10 11:04:21 GMT,20635.25,2022-7-10 11:04:22 GMT,20635.25,2022-7-10 11:04:22 GMT,0.61,0.57
Volatility 100 Index,353357184548,353357190528,0,2022-7-10 11:03:45 GMT,20629.97,2022-7-10 11:03:46 GMT,20629.97,2022-7-10 11:03:46 GMT,0.35,-0.35
Volatility 100 Index,353357006488,353357013808,0,2022-7-10 11:02:27 GMT,20621.48,2022-7-10 11:02:28 GMT,20621.48,2022-7-10 11:02:28 GMT,0.61,0.57
Volatility 100 Index,353356982648,353356991488,0,2022-7-10 11:02:17 GMT,20626.39,2022-7-10 11:02:18 GMT,20626.39,2022-7-10 11:02:18 GMT,0.35,-0.35
Volatility 100 Index,353356826988,353356835208,0,2022-7-10 11:01:11 GMT,20634.97,2022-7-10 11:01:12 GMT,20634.97,2022-7-10 11:01:12 GMT,0.61,0.57
Volatility 100 Index,353356736148,353356742428,0,2022-7-10 11:00:33 GMT,20650.73,2022-7-10 11:00:34 GMT,20650.73,2022-7-10 11:00:34 GMT,0.35,-0.35
Volatility 100 Index,353356573128,353356579728,0,2022-7-10 10:59:23 GMT,20728.78,2022-7-10 10:59:24 GMT,20728.78,2022-7-10 10:59:24 GMT,0.35,0.31
Volatility 100 Index,353356523588,353356529908,0,2022-7-10 10:59:01 GMT,20765.42,2022-7-10 10:59:02 GMT,20765.42,2022-7-10 10:59:02 GMT,0.35,0.31
Volatility 100 Index,353356461348,353356467868,0,2022-7-10 10:58:33 GMT,20780.56,2022-7-10 10:58:34 GMT,20780.56,2022-7-10 10:58:34 GMT,0.35,0.31
Volatility 100 Index,353356257468,353356264268,0,2022-7-10 10:57:01 GMT,20732.14,2022-7-10 10:57:02 GMT,20732.14,2022-7-10 10:57:02 GMT,0.35,0.31
Volatility 100 Index,353356208528,353356216688,0,2022-7-10 10:56:39 GMT,20722.13,2022-7-10 10:56:40 GMT,20722.13,2022-7-10 10:56:40 GMT,0.35,0.31
Volatility 100 Index,353355805368,353355811048,0,2022-7-10 10:53:43 GMT,20758.98,2022-7-10 10:53:44 GMT,20758.98,2022-7-10 10:53:44 GMT,0.61,0.57
Volatility 100 Index,353355747348,353355753128,0,2022-7-10 10:53:17 GMT,20781.36,2022-7-10 10:53:18 GMT,20781.36,2022-7-10 10:53:18 GMT,0.35,-0.35
Volatility 100 Index,353355704508,353355713948,0,2022-7-10 10:52:59 GMT,20778.92,2022-7-10 10:53:00 GMT,20778.92,2022-7-10 10:53:00 GMT,0.35,0.31
Volatility 100 Index,353355599128,353355606588,0,2022-7-10 10:52:13 GMT,20733.24,2022-7-10 10:52:14 GMT,20733.24,2022-7-10 10:52:14 GMT,0.61,0.57
Volatility 100 Index,353355543868,353355550548,0,2022-7-10 10:51:49 GMT,20733.17,2022-7-10 10:51:50 GMT,20733.17,2022-7-10 10:51:50 GMT,0.35,-0.35
Volatility 100 Index,353355332348,353355339448,0,2022-7-10 10:50:13 GMT,20787.06,2022-7-10 10:50:14 GMT,20787.06,2022-7-10 10:50:14 GMT,0.61,0.57
Volatility 100 Index,353355310488,353355318508,0,2022-7-10 10:50:03 GMT,20785.17,2022-7-10 10:50:04 GMT,20785.17,2022-7-10 10:50:04 GMT,0.35,-0.35
Volatility 100 Index,353355160948,353355167008,0,2022-7-10 10:48:57 GMT,20754.17,2022-7-10 10:48:58 GMT,20754.17,2022-7-10 10:48:58 GMT,0.35,0.31
Volatility 100 Index,353355004628,353355011628,0,2022-7-10 10:47:47 GMT,20770.92,2022-7-10 10:47:48 GMT,20770.92,2022-7-10 10:47:48 GMT,0.35,0.31
Volatility 100 Index,353354832268,353354838208,0,2022-7-10 10:46:29 GMT,20721.09,2022-7-10 10:46:30 GMT,20721.09,2022-7-10 10:46:30 GMT,3.27,3.14
Volatility 100 Index,353354809828,353354815908,0,2022-7-10 10:46:19 GMT,20725.14,2022-7-10 10:46:20 GMT,20725.14,2022-7-10 10:46:20 GMT,1.87,-1.87
Volatility 100 Index,353354706408,353354712808,0,2022-7-10 10:45:31 GMT,20726.12,2022-7-10 10:45:32 GMT,20726.12,2022-7-10 10:45:32 GMT,1.07,-1.07
Volatility 100 Index,353354685968,353354692248,0,2022-7-10 10:45:21 GMT,20735.20,2022-7-10 10:45:22 GMT,20735.20,2022-7-10 10:45:22 GMT,0.61,-0.61
Volatility 100 Index,353354634788,353354643308,0,2022-7-10 10:44:59 GMT,20736.35,2022-7-10 10:45:00 GMT,20736.35,2022-7-10 10:45:00 GMT,0.35,-0.35
Volatility 100 Index,353354506608,353354512888,0,2022-7-10 10:43:57 GMT,20701.06,2022-7-10 10:43:58 GMT,20701.06,2022-7-10 10:43:58 GMT,1.87,1.8
Volatility 100 Index,353354438548,353354445888,0,2022-7-10 10:43:25 GMT,20724.13,2022-7-10 10:43:26 GMT,20724.13,2022-7-10 10:43:26 GMT,1.07,-1.07
Volatility 100 Index,353354318708,353354324728,0,2022-7-10 10:42:29 GMT,20706.52,2022-7-10 10:42:30 GMT,20706.52,2022-7-10 10:42:30 GMT,0.61,-0.61
Volatility 100 Index,353354296768,353354302388,0,2022-7-10 10:42:19 GMT,20707.88,2022-7-10 10:42:20 GMT,20707.88,2022-7-10 10:42:20 GMT,0.35,-0.35
Volatility 100 Index,353354230928,353354237608,0,2022-7-10 10:41:49 GMT,20663.76,2022-7-10 10:41:50 GMT,20663.76,2022-7-10 10:41:50 GMT,0.35,0.31
Volatility 100 Index,353354174208,353354179948,0,2022-7-10 10:41:23 GMT,20665.47,2022-7-10 10:41:24 GMT,20665.47,2022-7-10 10:41:24 GMT,1.07,1.03
Volatility 100 Index,353354008848,353354014848,0,2022-7-10 10:40:07 GMT,20666.27,2022-7-10 10:40:08 GMT,20666.27,2022-7-10 10:40:08 GMT,0.61,-0.61
Volatility 100 Index,353353837968,353353845048,0,2022-7-10 10:38:47 GMT,20689.39,2022-7-10 10:38:48 GMT,20689.39,2022-7-10 10:38:48 GMT,0.35,-0.35
Volatility 100 Index,353353753908,353353760128,0,2022-7-10 10:38:07 GMT,20649.36,2022-7-10 10:38:08 GMT,20649.36,2022-7-10 10:38:08 GMT,0.35,0.31
Volatility 100 Index,353353651768,353353659428,0,2022-7-10 10:37:21 GMT,20691.48,2022-7-10 10:37:22 GMT,20691.48,2022-7-10 10:37:22 GMT,1.07,1.03
Volatility 100 Index,353353185788,353353191428,0,2022-7-10 10:33:47 GMT,20793.16,2022-7-10 10:33:48 GMT,20793.16,2022-7-10 10:33:48 GMT,0.61,-0.61
Volatility 100 Index,353353069108,353353074328,0,2022-7-10 10:32:53 GMT,20814.07,2022-7-10 10:32:54 GMT,20814.07,2022-7-10 10:32:54 GMT,0.35,-0.35
Volatility 100 Index,353352985148,353352990068,0,2022-7-10 10:32:13 GMT,20800.95,2022-7-10 10:32:14 GMT,20800.95,2022-7-10 10:32:14 GMT,1.07,1.03
Volatility 100 Index,353352774608,353352781488,0,2022-7-10 10:30:35 GMT,20834.33,2022-7-10 10:30:36 GMT,20834.33,2022-7-10 10:30:36 GMT,0.61,-0.61
Volatility 100 Index,353352727768,353352733448,0,2022-7-10 10:30:13 GMT,20835.34,2022-7-10 10:30:14 GMT,20835.34,2022-7-10 10:30:14 GMT,0.35,-0.35
Volatility 100 Index,353352704948,353352711588,0,2022-7-10 10:30:03 GMT,20831.08,2022-7-10 10:30:04 GMT,20831.08,2022-7-10 10:30:04 GMT,0.35,0.31
Volatility 100 Index,353352672708,353352678068,0,2022-7-10 10:29:49 GMT,20834.47,2022-7-10 10:29:50 GMT,20834.47,2022-7-10 10:29:50 GMT,0.35,0.31
Volatility 100 Index,353352625488,353352631648,0,2022-7-10 10:29:27 GMT,20834.14,2022-7-10 10:29:28 GMT,20834.14,2022-7-10 10:29:28 GMT,1.87,1.8
Volatility 100 Index,353352564448,353352572328,0,2022-7-10 10:28:59 GMT,20847.03,2022-7-10 10:29:00 GMT,20847.03,2022-7-10 10:29:00 GMT,1.07,-1.07
Volatility 100 Index,353352406928,353352413968,0,2022-7-10 10:27:45 GMT,20834.37,2022-7-10 10:27:46 GMT,20834.37,2022-7-10 10:27:46 GMT,0.61,-0.61
Volatility 100 Index,353352342748,353352348248,0,2022-7-10 10:27:13 GMT,20844.60,2022-7-10 10:27:14 GMT,20844.60,2022-7-10 10:27:14 GMT,0.35,-0.35
Volatility 100 Index,353352202748,353352209108,0,2022-7-10 10:26:07 GMT,20819.13,2022-7-10 10:26:08 GMT,20819.13,2022-7-10 10:26:08 GMT,0.61,0.57
Volatility 100 Index,353351939288,353351947768,0,2022-7-10 10:24:05 GMT,20826.30,2022-7-10 10:24:06 GMT,20826.30,2022-7-10 10:24:06 GMT,0.35,-0.35
Volatility 100 Index,353351198108,353351205348,0,2022-7-10 10:18:23 GMT,20915.88,2022-7-10 10:18:24 GMT,20915.88,2022-7-10 10:18:24 GMT,0.35,0.31
Volatility 100 Index,353351129868,353351135908,0,2022-7-10 10:17:51 GMT,20933.31,2022-7-10 10:17:52 GMT,20933.31,2022-7-10 10:17:52 GMT,0.61,0.57
Volatility 100 Index,353351002608,353351008928,0,2022-7-10 10:16:51 GMT,20954.20,2022-7-10 10:16:52 GMT,20954.20,2022-7-10 10:16:52 GMT,0.35,-0.35
Volatility 100 Index,353350905268,353350910808,0,2022-7-10 10:16:05 GMT,20956.38,2022-7-10 10:16:06 GMT,20956.38,2022-7-10 10:16:06 GMT,0.35,0.31
Volatility 100 Index,353350842708,353350847708,0,2022-7-10 10:15:35 GMT,20921.37,2022-7-10 10:15:36 GMT,20921.37,2022-7-10 10:15:36 GMT,1.87,1.8
Volatility 100 Index,353350809168,353350815828,0,2022-7-10 10:15:19 GMT,20948.69,2022-7-10 10:15:20 GMT,20948.69,2022-7-10 10:15:20 GMT,1.07,-1.07
Volatility 100 Index,353350765368,353350772628,0,2022-7-10 10:14:59 GMT,20945.88,2022-7-10 10:15:00 GMT,20945.88,2022-7-10 10:15:00 GMT,0.61,-0.61
Volatility 100 Index,353350703708,353350710168,0,2022-7-10 10:14:29 GMT,20981.10,2022-7-10 10:14:30 GMT,20981.10,2022-7-10 10:14:30 GMT,0.35,-0.35
Volatility 100 Index,353350556268,353350562828,0,2022-7-10 10:13:17 GMT,20982.23,2022-7-10 10:13:18 GMT,20982.23,2022-7-10 10:13:18 GMT,0.35,0.31
Volatility 100 Index,353350478548,353350483428,0,2022-7-10 10:12:39 GMT,20995.61,2022-7-10 10:12:40 GMT,20995.61,2022-7-10 10:12:40 GMT,0.35,0.31
Volatility 100 Index,353350412468,353350418268,0,2022-7-10 10:12:05 GMT,21012.05,2022-7-10 10:12:06 GMT,21012.05,2022-7-10 10:12:06 GMT,0.61,0.57
Volatility 100 Index,353350366848,353350372568,0,2022-7-10 10:11:43 GMT,21006.45,2022-7-10 10:11:44 GMT,21006.45,2022-7-10 10:11:44 GMT,0.35,-0.35
Volatility 100 Index,353349940368,353349946568,0,2022-7-10 10:08:23 GMT,21026.94,2022-7-10 10:08:24 GMT,21026.94,2022-7-10 10:08:24 GMT,3.27,3.14
Volatility 100 Index,353349919268,353349925868,0,2022-7-10 10:08:13 GMT,21024.01,2022-7-10 10:08:14 GMT,21024.01,2022-7-10 10:08:14 GMT,1.87,-1.87
Volatility 100 Index,353349897988,353349903768,0,2022-7-10 10:08:03 GMT,21031.93,2022-7-10 10:08:04 GMT,21031.93,2022-7-10 10:08:04 GMT,1.07,-1.07
Volatility 100 Index,353349648568,353349654688,0,2022-7-10 10:06:05 GMT,21052.36,2022-7-10 10:06:06 GMT,21052.36,2022-7-10 10:06:06 GMT,0.61,-0.61
Volatility 100 Index,353349382648,353349390368,0,2022-7-10 10:04:01 GMT,21078.35,2022-7-10 10:04:02 GMT,21078.35,2022-7-10 10:04:02 GMT,0.35,-0.35
Volatility 100 Index,353349346508,353349354168,0,2022-7-10 10:03:45 GMT,21097.20,2022-7-10 10:03:46 GMT,21097.20,2022-7-10 10:03:46 GMT,0.35,0.31
Volatility 100 Index,353349029708,353349035228,0,2022-7-10 10:01:11 GMT,21128.45,2022-7-10 10:01:12 GMT,21128.45,2022-7-10 10:01:12 GMT,0.35,0.31
Volatility 100 Index,353348922728,353348929068,0,2022-7-10 10:00:21 GMT,21100.81,2022-7-10 10:00:22 GMT,21100.81,2022-7-10 10:00:22 GMT,0.61,0.57
Volatility 100 Index,353348878228,353348885008,0,2022-7-10 10:00:01 GMT,21122.74,2022-7-10 10:00:02 GMT,21122.74,2022-7-10 10:00:02 GMT,0.35,-0.35
Volatility 100 Index,353348807348,353348814228,0,2022-7-10 09:59:27 GMT,21138.70,2022-7-10 09:59:28 GMT,21138.70,2022-7-10 09:59:28 GMT,0.35,0.31
Volatility 100 Index,353348737488,353348744088,0,2022-7-10 09:58:55 GMT,21158.54,2022-7-10 09:58:56 GMT,21158.54,2022-7-10 09:58:56 GMT,0.61,0.57
Volatility 100 Index,353348575488,353348581448,0,2022-7-10 09:57:37 GMT,21136.80,2022-7-10 09:57:38 GMT,21136.80,2022-7-10 09:57:38 GMT,0.35,-0.35
Volatility 100 Index,353348501508,353348508888,0,2022-7-10 09:57:03 GMT,21125.14,2022-7-10 09:57:04 GMT,21125.14,2022-7-10 09:57:04 GMT,5.73,5.51
Volatility 100 Index,353348483828,353348490528,0,2022-7-10 09:56:55 GMT,21133.15,2022-7-10 09:56:56 GMT,21133.15,2022-7-10 09:56:56 GMT,3.27,-3.27
Volatility 100 Index,353348406128,353348413868,0,2022-7-10 09:56:19 GMT,21140.23,2022-7-10 09:56:20 GMT,21140.23,2022-7-10 09:56:20 GMT,1.87,-1.87
Volatility 100 Index,353348259108,353348265468,0,2022-7-10 09:55:13 GMT,21088.52,2022-7-10 09:55:14 GMT,21088.52,2022-7-10 09:55:14 GMT,1.07,-1.07
Volatility 100 Index,353348122868,353348129288,0,2022-7-10 09:54:11 GMT,21078.47,2022-7-10 09:54:12 GMT,21078.47,2022-7-10 09:54:12 GMT,0.61,-0.61
Volatility 100 Index,353347968428,353347974948,0,2022-7-10 09:53:01 GMT,21057.76,2022-7-10 09:53:02 GMT,21057.76,2022-7-10 09:53:02 GMT,0.35,-0.35
Volatility 100 Index,353347780808,353347785588,0,2022-7-10 09:51:33 GMT,21058.24,2022-7-10 09:51:34 GMT,21058.24,2022-7-10 09:51:34 GMT,0.35,0.31
Volatility 100 Index,353347746948,353347754048,0,2022-7-10 09:51:17 GMT,21066.34,2022-7-10 09:51:18 GMT,21066.34,2022-7-10 09:51:18 GMT,0.61,0.57
Volatility 100 Index,353347620868,353347626768,0,2022-7-10 09:50:19 GMT,21044.58,2022-7-10 09:50:20 GMT,21044.58,2022-7-10 09:50:20 GMT,0.35,-0.35
Volatility 100 Index,353347531728,353347539248,0,2022-7-10 09:49:39 GMT,21055.52,2022-7-10 09:49:40 GMT,21055.52,2022-7-10 09:49:40 GMT,0.35,0.31
Volatility 100 Index,353347474988,353347480928,0,2022-7-10 09:49:13 GMT,21062.89,2022-7-10 09:49:14 GMT,21062.89,2022-7-10 09:49:14 GMT,0.61,0.57
Volatility 100 Index,353347324048,353347330728,0,2022-7-10 09:48:05 GMT,21055.13,2022-7-10 09:48:06 GMT,21055.13,2022-7-10 09:48:06 GMT,0.35,-0.35
Volatility 100 Index,353347118048,353347124128,0,2022-7-10 09:46:33 GMT,21084.25,2022-7-10 09:46:34 GMT,21084.25,2022-7-10 09:46:34 GMT,0.35,0.31
Volatility 100 Index,353346963668,353346970248,0,2022-7-10 09:45:23 GMT,21173.05,2022-7-10 09:45:24 GMT,21173.05,2022-7-10 09:45:24 GMT,0.35,0.31
Volatility 100 Index,353346576768,353346581948,0,2022-7-10 09:42:27 GMT,21142.56,2022-7-10 09:42:28 GMT,21142.56,2022-7-10 09:42:28 GMT,0.35,0.31
Volatility 100 Index,353346529548,353346536788,0,2022-7-10 09:42:05 GMT,21175.85,2022-7-10 09:42:06 GMT,21175.85,2022-7-10 09:42:06 GMT,0.61,0.57
Volatility 100 Index,353346387628,353346394708,0,2022-7-10 09:40:59 GMT,21141.48,2022-7-10 09:41:00 GMT,21141.48,2022-7-10 09:41:00 GMT,0.35,-0.35
Volatility 100 Index,353346249308,353346255468,0,2022-7-10 09:39:53 GMT,21191.72,2022-7-10 09:39:54 GMT,21191.72,2022-7-10 09:39:54 GMT,0.61,0.57
Volatility 100 Index,353346186588,353346193828,0,2022-7-10 09:39:23 GMT,21216.69,2022-7-10 09:39:24 GMT,21216.69,2022-7-10 09:39:24 GMT,0.35,-0.35
Volatility 100 Index,353346122428,353346128608,0,2022-7-10 09:38:53 GMT,21228.54,2022-7-10 09:38:54 GMT,21228.54,2022-7-10 09:38:54 GMT,0.61,0.57
Volatility 100 Index,353345915888,353345923508,0,2022-7-10 09:37:13 GMT,21222.56,2022-7-10 09:37:14 GMT,21222.56,2022-7-10 09:37:14 GMT,0.35,-0.35
Volatility 100 Index,353345859668,353345866168,0,2022-7-10 09:36:45 GMT,21227.11,2022-7-10 09:36:46 GMT,21227.11,2022-7-10 09:36:46 GMT,1.07,1.03
Volatility 100 Index,353345816428,353345821468,0,2022-7-10 09:36:23 GMT,21226.27,2022-7-10 09:36:24 GMT,21226.27,2022-7-10 09:36:24 GMT,0.61,-0.61
Volatility 100 Index,353345795088,353345803148,0,2022-7-10 09:36:13 GMT,21219.51,2022-7-10 09:36:14 GMT,21219.51,2022-7-10 09:36:14 GMT,0.35,-0.35
Volatility 100 Index,353345717788,353345722928,0,2022-7-10 09:35:35 GMT,21270.45,2022-7-10 09:35:36 GMT,21270.45,2022-7-10 09:35:36 GMT,0.61,0.57
Volatility 100 Index,353345545368,353345553088,0,2022-7-10 09:34:11 GMT,21288.76,2022-7-10 09:34:12 GMT,21288.76,2022-7-10 09:34:12 GMT,0.35,-0.35
Volatility 100 Index,353345385408,353345392688,0,2022-7-10 09:32:55 GMT,21303.97,2022-7-10 09:32:56 GMT,21303.97,2022-7-10 09:32:56 GMT,0.61,0.57
Volatility 100 Index,353345336208,353345342108,0,2022-7-10 09:32:31 GMT,21328.74,2022-7-10 09:32:32 GMT,21328.74,2022-7-10 09:32:32 GMT,0.35,-0.35
Volatility 100 Index,353345116288,353345123788,0,2022-7-10 09:30:45 GMT,21339.42,2022-7-10 09:30:46 GMT,21339.42,2022-7-10 09:30:46 GMT,0.61,0.57
Volatility 100 Index,353345006568,353345012068,0,2022-7-10 09:29:53 GMT,21323.28,2022-7-10 09:29:54 GMT,21323.28,2022-7-10 09:29:54 GMT,0.35,-0.35
Volatility 100 Index,353344852308,353344860408,0,2022-7-10 09:28:39 GMT,21335.94,2022-7-10 09:28:40 GMT,21335.94,2022-7-10 09:28:40 GMT,0.35,0.31
Volatility 100 Index,353344399088,353344406748,0,2022-7-10 09:24:59 GMT,21370.85,2022-7-10 09:25:00 GMT,21370.85,2022-7-10 09:25:00 GMT,0.61,0.57
Volatility 100 Index,353344059368,353344066028,0,2022-7-10 09:22:11 GMT,21423.43,2022-7-10 09:22:12 GMT,21423.43,2022-7-10 09:22:12 GMT,0.35,-0.35
Volatility 100 Index,353344038368,353344044568,0,2022-7-10 09:22:01 GMT,21420.11,2022-7-10 09:22:02 GMT,21420.11,2022-7-10 09:22:02 GMT,0.35,0.31
Volatility 100 Index,353343950488,353343957568,0,2022-7-10 09:21:17 GMT,21461.55,2022-7-10 09:21:18 GMT,21461.55,2022-7-10 09:21:18 GMT,0.35,0.31
Volatility 100 Index,353343911708,353343920528,0,2022-7-10 09:20:59 GMT,21447.11,2022-7-10 09:21:00 GMT,21447.11,2022-7-10 09:21:00 GMT,3.27,3.14
Volatility 100 Index,353343857368,353343864588,0,2022-7-10 09:20:33 GMT,21428.89,2022-7-10 09:20:34 GMT,21428.89,2022-7-10 09:20:34 GMT,1.87,-1.87
Volatility 100 Index,353343842128,353343846608,0,2022-7-10 09:20:25 GMT,21427.85,2022-7-10 09:20:26 GMT,21427.85,2022-7-10 09:20:26 GMT,1.07,-1.07
Volatility 100 Index,353343602408,353343607628,0,2022-7-10 09:18:25 GMT,21411.27,2022-7-10 09:18:26 GMT,21411.27,2022-7-10 09:18:26 GMT,0.61,-0.61
Volatility 100 Index,353343559888,353343567748,0,2022-7-10 09:18:03 GMT,21394.59,2022-7-10 09:18:04 GMT,21394.59,2022-7-10 09:18:04 GMT,0.35,-0.35
Volatility 100 Index,353343498148,353343505148,0,2022-7-10 09:17:31 GMT,21387.45,2022-7-10 09:17:32 GMT,21387.45,2022-7-10 09:17:32 GMT,0.35,0.31
Volatility 100 Index,353343360628,353343367188,0,2022-7-10 09:16:23 GMT,21344.67,2022-7-10 09:16:24 GMT,21344.67,2022-7-10 09:16:24 GMT,0.61,0.57
Volatility 100 Index,353343259188,353343264488,0,2022-7-10 09:15:31 GMT,21329.44,2022-7-10 09:15:32 GMT,21329.44,2022-7-10 09:15:32 GMT,0.35,-0.35
Volatility 100 Index,353343082368,353343088688,0,2022-7-10 09:14:01 GMT,21303.23,2022-7-10 09:14:02 GMT,21303.23,2022-7-10 09:14:02 GMT,0.61,0.57
Volatility 100 Index,353343062348,353343066808,0,2022-7-10 09:13:51 GMT,21289.80,2022-7-10 09:13:52 GMT,21289.80,2022-7-10 09:13:52 GMT,0.35,-0.35
Volatility 100 Index,353342967528,353342972428,0,2022-7-10 09:13:03 GMT,21272.55,2022-7-10 09:13:04 GMT,21272.55,2022-7-10 09:13:04 GMT,0.35,0.31
Volatility 100 Index,353342943728,353342951068,0,2022-7-10 09:12:51 GMT,21261.67,2022-7-10 09:12:52 GMT,21261.67,2022-7-10 09:12:52 GMT,0.35,0.31
Volatility 100 Index,353342852508,353342860228,0,2022-7-10 09:12:05 GMT,21281.51,2022-7-10 09:12:06 GMT,21281.51,2022-7-10 09:12:06 GMT,0.35,0.31
Volatility 100 Index,353342812648,353342818088,0,2022-7-10 09:11:45 GMT,21275.84,2022-7-10 09:11:46 GMT,21275.84,2022-7-10 09:11:46 GMT,0.35,0.31
Volatility 100 Index,353342724008,353342731328,0,2022-7-10 09:11:01 GMT,21238.58,2022-7-10 09:11:02 GMT,21238.58,2022-7-10 09:11:02 GMT,0.35,0.31
Volatility 100 Index,353342672808,353342680308,0,2022-7-10 09:10:34 GMT,21223.05,2022-7-10 09:10:36 GMT,21223.05,2022-7-10 09:10:36 GMT,0.61,0.57
Volatility 100 Index,353342500868,353342506668,0,2022-7-10 09:09:07 GMT,21259.27,2022-7-10 09:09:08 GMT,21259.27,2022-7-10 09:09:08 GMT,0.35,-0.35
Volatility 100 Index,353342395468,353342402488,0,2022-7-10 09:08:13 GMT,21235.10,2022-7-10 09:08:14 GMT,21235.10,2022-7-10 09:08:14 GMT,0.35,0.31
Volatility 100 Index,353342292688,353342299028,0,2022-7-10 09:07:21 GMT,21193.50,2022-7-10 09:07:22 GMT,21193.50,2022-7-10 09:07:22 GMT,0.35,0.31
Volatility 100 Index,353342156288,353342163308,0,2022-7-10 09:06:08 GMT,21197.77,2022-7-10 09:06:10 GMT,21197.77,2022-7-10 09:06:10 GMT,0.35,0.31
Volatility 100 Index,353342107948,353342113628,0,2022-7-10 09:05:45 GMT,21198.20,2022-7-10 09:05:46 GMT,21198.20,2022-7-10 09:05:46 GMT,0.61,0.57
Volatility 100 Index,353342012988,353342017848,0,2022-7-10 09:04:57 GMT,21196.63,2022-7-10 09:04:58 GMT,21196.63,2022-7-10 09:04:58 GMT,0.35,-0.35
Volatility 100 Index,353341973828,353341979888,0,2022-7-10 09:04:37 GMT,21198.97,2022-7-10 09:04:38 GMT,21198.97,2022-7-10 09:04:38 GMT,1.07,1.03
Volatility 100 Index,353341958348,353341964848,0,2022-7-10 09:04:29 GMT,21195.04,2022-7-10 09:04:30 GMT,21195.04,2022-7-10 09:04:30 GMT,0.61,-0.61
Volatility 100 Index,353341840668,353341847728,0,2022-7-10 09:03:31 GMT,21202.04,2022-7-10 09:03:32 GMT,21202.04,2022-7-10 09:03:32 GMT,0.35,-0.35
Volatility 100 Index,353341801088,353341808468,0,2022-7-10 09:03:11 GMT,21186.31,2022-7-10 09:03:12 GMT,21186.31,2022-7-10 09:03:12 GMT,0.61,0.57
Volatility 100 Index,353341624208,353341630108,0,2022-7-10 09:01:43 GMT,21101.00,2022-7-10 09:01:44 GMT,21101.00,2022-7-10 09:01:44 GMT,0.35,-0.35
Volatility 100 Index,353341418368,353341425868,0,2022-7-10 08:59:59 GMT,21129.63,2022-7-10 09:00:00 GMT,21129.63,2022-7-10 09:00:00 GMT,0.61,0.57
Volatility 100 Index,353341401868,353341408448,0,2022-7-10 08:59:51 GMT,21131.42,2022-7-10 08:59:52 GMT,21131.42,2022-7-10 08:59:52 GMT,0.35,-0.35
Volatility 100 Index,353341353548,353341359128,0,2022-7-10 08:59:24 GMT,21129.01,2022-7-10 08:59:26 GMT,21129.01,2022-7-10 08:59:26 GMT,0.35,0.31
Volatility 100 Index,353341296368,353341301528,0,2022-7-10 08:58:55 GMT,21149.69,2022-7-10 08:58:56 GMT,21149.69,2022-7-10 08:58:56 GMT,0.61,0.57
Volatility 100 Index,353341184208,353341190448,0,2022-7-10 08:57:57 GMT,21126.93,2022-7-10 08:57:58 GMT,21126.93,2022-7-10 08:57:58 GMT,0.35,-0.35
Volatility 100 Index,353341134768,353341140608,0,2022-7-10 08:57:31 GMT,21119.07,2022-7-10 08:57:32 GMT,21119.07,2022-7-10 08:57:32 GMT,0.35,0.31
Volatility 100 Index,353340967868,353340973148,0,2022-7-10 08:56:05 GMT,21147.56,2022-7-10 08:56:06 GMT,21147.56,2022-7-10 08:56:06 GMT,0.35,0.31
Volatility 100 Index,353340924028,353340928628,0,2022-7-10 08:55:43 GMT,21168.10,2022-7-10 08:55:44 GMT,21168.10,2022-7-10 08:55:44 GMT,1.07,1.03
Volatility 100 Index,353340881768,353340887288,0,2022-7-10 08:55:20 GMT,21152.20,2022-7-10 08:55:22 GMT,21152.20,2022-7-10 08:55:22 GMT,0.61,-0.61
Volatility 100 Index,353340639088,353340645588,0,2022-7-10 08:53:13 GMT,21132.30,2022-7-10 08:53:14 GMT,21132.30,2022-7-10 08:53:14 GMT,0.35,-0.35
Volatility 100 Index,353340563328,353340570688,0,2022-7-10 08:52:35 GMT,21150.38,2022-7-10 08:52:36 GMT,21150.38,2022-7-10 08:52:36 GMT,0.35,0.31
Volatility 100 Index,353340501108,353340508628,0,2022-7-10 08:52:03 GMT,21117.04,2022-7-10 08:52:04 GMT,21117.04,2022-7-10 08:52:04 GMT,0.35,0.31
Volatility 100 Index,353340471768,353340478308,0,2022-7-10 08:51:48 GMT,21122.27,2022-7-10 08:51:50 GMT,21122.27,2022-7-10 08:51:50 GMT,0.35,0.31
Volatility 100 Index,353340298188,353340306088,0,2022-7-10 08:50:23 GMT,21099.95,2022-7-10 08:50:24 GMT,21099.95,2022-7-10 08:50:24 GMT,0.35,0.31
Volatility 100 Index,353340240968,353340246908,0,2022-7-10 08:49:55 GMT,21083.95,2022-7-10 08:49:56 GMT,21083.95,2022-7-10 08:49:56 GMT,0.35,0.31
Volatility 100 Index,353340186188,353340192308,0,2022-7-10 08:49:27 GMT,21057.95,2022-7-10 08:49:28 GMT,21057.95,2022-7-10 08:49:28 GMT,0.35,0.31
Volatility 100 Index,353340067868,353340075868,0,2022-7-10 08:48:27 GMT,21082.07,2022-7-10 08:48:28 GMT,21082.07,2022-7-10 08:48:28 GMT,0.35,0.31
Volatility 100 Index,353340024028,353340030128,0,2022-7-10 08:48:05 GMT,21086.48,2022-7-10 08:48:06 GMT,21086.48,2022-7-10 08:48:06 GMT,0.35,0.31
Volatility 100 Index,353339884228,353339890348,0,2022-7-10 08:46:55 GMT,21062.76,2022-7-10 08:46:56 GMT,21062.76,2022-7-10 08:46:56 GMT,0.35,0.31
Volatility 100 Index,353339639848,353339646528,0,2022-7-10 08:44:49 GMT,21034.44,2022-7-10 08:44:50 GMT,21034.44,2022-7-10 08:44:50 GMT,3.27,3.14
Volatility 100 Index,353339620188,353339626388,0,2022-7-10 08:44:38 GMT,21016.21,2022-7-10 08:44:40 GMT,21016.21,2022-7-10 08:44:40 GMT,1.87,-1.87
Volatility 100 Index,353339376688,353339381888,0,2022-7-10 08:42:32 GMT,20999.25,2022-7-10 08:42:34 GMT,20999.25,2022-7-10 08:42:34 GMT,1.07,-1.07
Volatility 100 Index,353339361508,353339368648,0,2022-7-10 08:42:25 GMT,21002.21,2022-7-10 08:42:26 GMT,21002.21,2022-7-10 08:42:26 GMT,0.61,-0.61
Volatility 100 Index,353339319208,353339324528,0,2022-7-10 08:42:03 GMT,21000.12,2022-7-10 08:42:04 GMT,21000.12,2022-7-10 08:42:04 GMT,0.35,-0.35
Volatility 100 Index,353339294908,353339302028,0,2022-7-10 08:41:50 GMT,20999.98,2022-7-10 08:41:52 GMT,20999.98,2022-7-10 08:41:52 GMT,0.61,0.57
Volatility 100 Index,353339237248,353339242628,0,2022-7-10 08:41:20 GMT,21028.62,2022-7-10 08:41:22 GMT,21028.62,2022-7-10 08:41:22 GMT,0.35,-0.35
Volatility 100 Index,353339214868,353339221868,0,2022-7-10 08:41:08 GMT,21028.14,2022-7-10 08:41:10 GMT,21028.14,2022-7-10 08:41:10 GMT,1.87,1.8
Volatility 100 Index,353339183548,353339189048,0,2022-7-10 08:40:53 GMT,21040.46,2022-7-10 08:40:54 GMT,21040.46,2022-7-10 08:40:54 GMT,1.07,-1.07
Volatility 100 Index,353339167908,353339173568,0,2022-7-10 08:40:44 GMT,21046.56,2022-7-10 08:40:46 GMT,21046.56,2022-7-10 08:40:46 GMT,0.61,-0.61
Volatility 100 Index,353338976288,353338983048,0,2022-7-10 08:39:04 GMT,21084.36,2022-7-10 08:39:06 GMT,21084.36,2022-7-10 08:39:06 GMT,0.35,-0.35
Volatility 100 Index,353338953268,353338958668,0,2022-7-10 08:38:52 GMT,21073.79,2022-7-10 08:38:54 GMT,21073.79,2022-7-10 08:38:54 GMT,0.35,0.31
Volatility 100 Index,353338793008,353338800008,0,2022-7-10 08:37:28 GMT,21059.91,2022-7-10 08:37:30 GMT,21059.91,2022-7-10 08:37:30 GMT,0.35,0.31
Volatility 100 Index,353338687388,353338692068,0,2022-7-10 08:36:32 GMT,21061.01,2022-7-10 08:36:34 GMT,21061.01,2022-7-10 08:36:34 GMT,0.35,0.31
Volatility 100 Index,353338665888,353338672868,0,2022-7-10 08:36:21 GMT,21067.94,2022-7-10 08:36:22 GMT,21067.94,2022-7-10 08:36:22 GMT,1.87,1.8
Volatility 100 Index,353338576428,353338581828,0,2022-7-10 08:35:32 GMT,21052.93,2022-7-10 08:35:34 GMT,21052.93,2022-7-10 08:35:34 GMT,1.07,-1.07
Volatility 100 Index,353338562168,353338568848,0,2022-7-10 08:35:24 GMT,21050.53,2022-7-10 08:35:26 GMT,21050.53,2022-7-10 08:35:26 GMT,0.61,-0.61
Volatility 100 Index,353338076208,353338082488,0,2022-7-10 08:30:56 GMT,21062.36,2022-7-10 08:30:58 GMT,21062.36,2022-7-10 08:30:58 GMT,0.35,-0.35
Volatility 100 Index,353337723768,353337730208,0,2022-7-10 08:27:42 GMT,21035.14,2022-7-10 08:27:44 GMT,21035.14,2022-7-10 08:27:44 GMT,0.61,0.57
Volatility 100 Index,353337671368,353337677568,0,2022-7-10 08:27:12 GMT,21050.58,2022-7-10 08:27:14 GMT,21050.58,2022-7-10 08:27:14 GMT,0.35,-0.35
Volatility 100 Index,353337413028,353337419888,0,2022-7-10 08:24:44 GMT,20993.39,2022-7-10 08:24:46 GMT,20993.39,2022-7-10 08:24:46 GMT,0.61,0.57
Volatility 100 Index,353337316588,353337320908,0,2022-7-10 08:23:49 GMT,20987.02,2022-7-10 08:23:50 GMT,20987.02,2022-7-10 08:23:50 GMT,0.35,-0.35
Volatility 100 Index,353337249208,353337256048,0,2022-7-10 08:23:10 GMT,20962.23,2022-7-10 08:23:12 GMT,20962.23,2022-7-10 08:23:12 GMT,1.87,1.8
Volatility 100 Index,353337007728,353337015128,0,2022-7-10 08:20:54 GMT,21002.13,2022-7-10 08:20:56 GMT,21002.13,2022-7-10 08:20:56 GMT,1.07,-1.07
Volatility 100 Index,353336903008,353336909608,0,2022-7-10 08:19:56 GMT,21020.17,2022-7-10 08:19:58 GMT,21020.17,2022-7-10 08:19:58 GMT,0.61,-0.61
Volatility 100 Index,353336799028,353336805188,0,2022-7-10 08:18:56 GMT,21012.33,2022-7-10 08:18:58 GMT,21012.33,2022-7-10 08:18:58 GMT,0.35,-0.35
Volatility 100 Index,353336379848,353336387748,0,2022-7-10 08:14:59 GMT,21019.85,2022-7-10 08:15:00 GMT,21019.85,2022-7-10 08:15:00 GMT,0.35,0.31
Volatility 100 Index,353336347308,353336354088,0,2022-7-10 08:14:40 GMT,21025.10,2022-7-10 08:14:42 GMT,21025.10,2022-7-10 08:14:42 GMT,0.35,0.31
Volatility 100 Index,353336243928,353336249908,0,2022-7-10 08:13:43 GMT,21067.34,2022-7-10 08:13:44 GMT,21067.34,2022-7-10 08:13:44 GMT,1.07,1.03
Volatility 100 Index,353335948308,353335954728,0,2022-7-10 08:10:52 GMT,21048.44,2022-7-10 08:10:54 GMT,21048.44,2022-7-10 08:10:54 GMT,0.61,-0.61
Volatility 100 Index,353335919308,353335926688,0,2022-7-10 08:10:36 GMT,21046.95,2022-7-10 08:10:38 GMT,21046.95,2022-7-10 08:10:38 GMT,0.35,-0.35
Volatility 100 Index,353335613748,353335619948,0,2022-7-10 08:07:48 GMT,21045.23,2022-7-10 08:07:50 GMT,21045.23,2022-7-10 08:07:50 GMT,0.61,0.57
Volatility 100 Index,353335587528,353335595628,0,2022-7-10 08:07:34 GMT,21077.23,2022-7-10 08:07:36 GMT,21077.23,2022-7-10 08:07:36 GMT,0.35,-0.35
Volatility 100 Index,353335544568,353335550528,0,2022-7-10 08:07:10 GMT,21064.51,2022-7-10 08:07:12 GMT,21064.51,2022-7-10 08:07:12 GMT,0.61,0.57
Volatility 100 Index,353335458328,353335465428,0,2022-7-10 08:06:25 GMT,21073.70,2022-7-10 08:06:26 GMT,21073.70,2022-7-10 08:06:26 GMT,0.35,-0.35
Volatility 100 Index,353335314048,353335320788,0,2022-7-10 08:05:08 GMT,21017.96,2022-7-10 08:05:10 GMT,21017.96,2022-7-10 08:05:10 GMT,0.61,0.57
Volatility 100 Index,353335204248,353335210248,0,2022-7-10 08:04:10 GMT,21034.77,2022-7-10 08:04:12 GMT,21034.77,2022-7-10 08:04:12 GMT,0.35,-0.35
Volatility 100 Index,353335002568,353335009008,0,2022-7-10 08:02:22 GMT,21014.40,2022-7-10 08:02:24 GMT,21014.40,2022-7-10 08:02:24 GMT,1.87,1.8
Volatility 100 Index,353334710108,353334718468,0,2022-7-10 07:59:48 GMT,20946.46,2022-7-10 07:59:50 GMT,20946.46,2022-7-10 07:59:50 GMT,1.07,-1.07
Volatility 100 Index,353334595028,353334602788,0,2022-7-10 07:58:48 GMT,20924.98,2022-7-10 07:58:50 GMT,20924.98,2022-7-10 07:58:50 GMT,0.61,-0.61
Volatility 100 Index,353334398868,353334406008,0,2022-7-10 07:57:04 GMT,20956.49,2022-7-10 07:57:06 GMT,20956.49,2022-7-10 07:57:06 GMT,0.35,-0.35
Volatility 100 Index,353334229508,353334236868,0,2022-7-10 07:55:34 GMT,20936.34,2022-7-10 07:55:36 GMT,20936.34,2022-7-10 07:55:36 GMT,0.35,0.31
Volatility 100 Index,353334031248,353334038268,0,2022-7-10 07:53:50 GMT,20962.13,2022-7-10 07:53:52 GMT,20962.13,2022-7-10 07:53:52 GMT,0.61,0.57
Volatility 100 Index,353334016148,353334022508,0,2022-7-10 07:53:42 GMT,20961.06,2022-7-10 07:53:44 GMT,20961.06,2022-7-10 07:53:44 GMT,0.35,-0.35
Volatility 100 Index,353333770088,353333776288,0,2022-7-10 07:51:30 GMT,20988.38,2022-7-10 07:51:32 GMT,20988.38,2022-7-10 07:51:32 GMT,0.35,0.31
Volatility 100 Index,353333647108,353333653648,0,2022-7-10 07:50:26 GMT,21029.76,2022-7-10 07:50:28 GMT,21029.76,2022-7-10 07:50:28 GMT,0.35,0.31
Volatility 100 Index,353333579348,353333585908,0,2022-7-10 07:49:52 GMT,21027.59,2022-7-10 07:49:54 GMT,21027.59,2022-7-10 07:49:54 GMT,0.35,0.31
Volatility 100 Index,353333443508,353333450028,0,2022-7-10 07:48:42 GMT,21034.80,2022-7-10 07:48:44 GMT,21034.80,2022-7-10 07:48:44 GMT,0.61,0.57
Volatility 100 Index,353333347948,353333354468,0,2022-7-10 07:47:53 GMT,21074.62,2022-7-10 07:47:54 GMT,21074.62,2022-7-10 07:47:54 GMT,0.35,-0.35
Volatility 100 Index,353333300988,353333308548,0,2022-7-10 07:47:28 GMT,21057.01,2022-7-10 07:47:30 GMT,21057.01,2022-7-10 07:47:30 GMT,0.61,0.57
Volatility 100 Index,353333284508,353333293368,0,2022-7-10 07:47:20 GMT,21043.52,2022-7-10 07:47:22 GMT,21043.52,2022-7-10 07:47:22 GMT,0.35,-0.35
Volatility 100 Index,353333156088,353333162568,0,2022-7-10 07:46:14 GMT,21087.25,2022-7-10 07:46:16 GMT,21087.25,2022-7-10 07:46:16 GMT,0.35,0.31
Volatility 100 Index,353333073208,353333079428,0,2022-7-10 07:45:32 GMT,21103.80,2022-7-10 07:45:34 GMT,21103.80,2022-7-10 07:45:34 GMT,3.27,3.14
Volatility 100 Index,353333057888,353333063088,0,2022-7-10 07:45:25 GMT,21083.45,2022-7-10 07:45:26 GMT,21083.45,2022-7-10 07:45:26 GMT,1.87,-1.87
Volatility 100 Index,353333045168,353333052788,0,2022-7-10 07:45:18 GMT,21077.79,2022-7-10 07:45:20 GMT,21077.79,2022-7-10 07:45:20 GMT,1.07,-1.07
Volatility 100 Index,353332928288,353332935628,0,2022-7-10 07:44:18 GMT,21093.55,2022-7-10 07:44:20 GMT,21093.55,2022-7-10 07:44:20 GMT,0.61,-0.61
Volatility 100 Index,353332764268,353332770648,0,2022-7-10 07:42:54 GMT,21128.43,2022-7-10 07:42:56 GMT,21128.43,2022-7-10 07:42:56 GMT,0.35,-0.35
Volatility 100 Index,353332744668,353332752588,0,2022-7-10 07:42:44 GMT,21115.25,2022-7-10 07:42:46 GMT,21115.25,2022-7-10 07:42:46 GMT,0.35,0.31
Volatility 100 Index,353332651828,353332659748,0,2022-7-10 07:41:58 GMT,21102.68,2022-7-10 07:42:00 GMT,21102.68,2022-7-10 07:42:00 GMT,0.61,0.57
Volatility 100 Index,353332636808,353332642788,0,2022-7-10 07:41:50 GMT,21119.93,2022-7-10 07:41:52 GMT,21119.93,2022-7-10 07:41:52 GMT,0.35,-0.35
Volatility 100 Index,353332560588,353332569048,0,2022-7-10 07:41:10 GMT,21120.40,2022-7-10 07:41:12 GMT,21120.40,2022-7-10 07:41:12 GMT,4727.28,4511.44
Volatility 100 Index,353332491748,353332497528,0,2022-7-10 07:40:34 GMT,21135.25,2022-7-10 07:40:36 GMT,21135.25,2022-7-10 07:40:36 GMT,2701.3,-2701.3
Volatility 100 Index,353332442588,353332448948,0,2022-7-10 07:40:08 GMT,21127.36,2022-7-10 07:40:10 GMT,21127.36,2022-7-10 07:40:10 GMT,1543.6,-1543.6
Volatility 100 Index,353332420228,353332426708,0,2022-7-10 07:39:56 GMT,21138.71,2022-7-10 07:39:58 GMT,21138.71,2022-7-10 07:39:58 GMT,882.06,-882.06
Volatility 100 Index,353332281748,353332288408,0,2022-7-10 07:38:38 GMT,21150.26,2022-7-10 07:38:40 GMT,21150.26,2022-7-10 07:38:40 GMT,504.03,-504.03
Volatility 100 Index,353332267548,353332274108,0,2022-7-10 07:38:30 GMT,21155.84,2022-7-10 07:38:32 GMT,21155.84,2022-7-10 07:38:32 GMT,288.02,-288.02
Volatility 100 Index,353332192408,353332199368,0,2022-7-10 07:37:50 GMT,21150.00,2022-7-10 07:37:52 GMT,21150.00,2022-7-10 07:37:52 GMT,164.58,-164.58
Volatility 100 Index,353332142428,353332150388,0,2022-7-10 07:37:24 GMT,21173.94,2022-7-10 07:37:26 GMT,21173.94,2022-7-10 07:37:26 GMT,94.05,-94.05
Volatility 100 Index,353331924068,353331930848,0,2022-7-10 07:35:29 GMT,21149.20,2022-7-10 07:35:30 GMT,21149.20,2022-7-10 07:35:30 GMT,53.74,-53.74
Volatility 100 Index,353331765848,353331773728,0,2022-7-10 07:34:04 GMT,21161.81,2022-7-10 07:34:06 GMT,21161.81,2022-7-10 07:34:06 GMT,30.71,-30.71
Volatility 100 Index,353331672268,353331678068,0,2022-7-10 07:33:15 GMT,21162.64,2022-7-10 07:33:16 GMT,21162.64,2022-7-10 07:33:16 GMT,17.55,-17.55
Volatility 100 Index,353331596888,353331603028,0,2022-7-10 07:32:36 GMT,21134.00,2022-7-10 07:32:38 GMT,21134.00,2022-7-10 07:32:38 GMT,10.03,-10.03
Volatility 100 Index,353331538588,353331546888,0,2022-7-10 07:32:06 GMT,21141.26,2022-7-10 07:32:08 GMT,21141.26,2022-7-10 07:32:08 GMT,5.73,-5.73
Volatility 100 Index,353331449048,353331455728,0,2022-7-10 07:31:18 GMT,21131.27,2022-7-10 07:31:20 GMT,21131.27,2022-7-10 07:31:20 GMT,3.27,-3.27
Volatility 100 Index,353331229208,353331236648,0,2022-7-10 07:29:24 GMT,21097.29,2022-7-10 07:29:26 GMT,21097.29,2022-7-10 07:29:26 GMT,1.87,-1.87
Volatility 100 Index,353331159588,353331163528,0,2022-7-10 07:28:47 GMT,21085.87,2022-7-10 07:28:48 GMT,21085.87,2022-7-10 07:28:48 GMT,1.07,-1.07
Volatility 100 Index,353331146828,353331153528,0,2022-7-10 07:28:40 GMT,21096.31,2022-7-10 07:28:42 GMT,21096.31,2022-7-10 07:28:42 GMT,0.61,-0.61
Volatility 100 Index,353331065488,353331071848,0,2022-7-10 07:27:58 GMT,21077.97,2022-7-10 07:28:00 GMT,21077.97,2022-7-10 07:28:00 GMT,0.35,-0.35
Volatility 100 Index,353330982828,353330989048,0,2022-7-10 07:27:14 GMT,21050.62,2022-7-10 07:27:16 GMT,21050.62,2022-7-10 07:27:16 GMT,3.27,3.14
Volatility 100 Index,353330908968,353330914728,0,2022-7-10 07:26:36 GMT,21053.59,2022-7-10 07:26:38 GMT,21053.59,2022-7-10 07:26:38 GMT,1.87,-1.87
Volatility 100 Index,353330878968,353330885928,0,2022-7-10 07:26:21 GMT,21053.45,2022-7-10 07:26:22 GMT,21053.45,2022-7-10 07:26:22 GMT,1.07,-1.07
Volatility 100 Index,353330864728,353330872068,0,2022-7-10 07:26:14 GMT,21049.85,2022-7-10 07:26:16 GMT,21049.85,2022-7-10 07:26:16 GMT,0.61,-0.61
Volatility 100 Index,353330612468,353330619868,0,2022-7-10 07:24:02 GMT,20979.00,2022-7-10 07:24:04 GMT,20979.00,2022-7-10 07:24:04 GMT,0.35,-0.35
Volatility 100 Index,353330563488,353330571008,0,2022-7-10 07:23:36 GMT,20997.27,2022-7-10 07:23:38 GMT,20997.27,2022-7-10 07:23:38 GMT,0.35,0.31
Volatility 100 Index,353330447848,353330453028,0,2022-7-10 07:22:34 GMT,20957.81,2022-7-10 07:22:36 GMT,20957.81,2022-7-10 07:22:36 GMT,3.27,3.14
Volatility 100 Index,353330199728,353330207268,0,2022-7-10 07:20:22 GMT,20940.20,2022-7-10 07:20:24 GMT,20940.20,2022-7-10 07:20:24 GMT,1.87,-1.87
Volatility 100 Index,353329986088,353329993708,0,2022-7-10 07:18:30 GMT,20938.61,2022-7-10 07:18:32 GMT,20938.61,2022-7-10 07:18:32 GMT,1.07,-1.07
Volatility 100 Index,353329949208,353329956228,0,2022-7-10 07:18:10 GMT,20935.82,2022-7-10 07:18:12 GMT,20935.82,2022-7-10 07:18:12 GMT,0.61,-0.61
Volatility 100 Index,353329921888,353329930088,0,2022-7-10 07:17:56 GMT,20950.83,2022-7-10 07:17:58 GMT,20950.83,2022-7-10 07:17:58 GMT,0.35,-0.35
Volatility 100 Index,353329876248,353329884048,0,2022-7-10 07:17:32 GMT,20946.11,2022-7-10 07:17:34 GMT,20946.11,2022-7-10 07:17:34 GMT,0.35,0.31
Volatility 100 Index,353329630868,353329636928,0,2022-7-10 07:15:20 GMT,20961.41,2022-7-10 07:15:22 GMT,20961.41,2022-7-10 07:15:22 GMT,0.61,0.57
Volatility 100 Index,353329614428,353329622348,0,2022-7-10 07:15:12 GMT,20955.86,2022-7-10 07:15:14 GMT,20955.86,2022-7-10 07:15:14 GMT,0.35,-0.35
Volatility 100 Index,353329352988,353329360868,0,2022-7-10 07:12:56 GMT,20948.63,2022-7-10 07:12:58 GMT,20948.63,2022-7-10 07:12:58 GMT,0.35,0.31
Volatility 100 Index,353329296168,353329303408,0,2022-7-10 07:12:26 GMT,20935.82,2022-7-10 07:12:28 GMT,20935.82,2022-7-10 07:12:28 GMT,0.35,0.31
Volatility 100 Index,353329132708,353329140728,0,2022-7-10 07:11:02 GMT,20951.59,2022-7-10 07:11:04 GMT,20951.59,2022-7-10 07:11:04 GMT,1.87,1.8
Volatility 100 Index,353329041588,353329047068,0,2022-7-10 07:10:15 GMT,20944.51,2022-7-10 07:10:16 GMT,20944.51,2022-7-10 07:10:16 GMT,1.07,-1.07
Volatility 100 Index,353329028208,353329034908,0,2022-7-10 07:10:08 GMT,20941.85,2022-7-10 07:10:10 GMT,20941.85,2022-7-10 07:10:10 GMT,0.61,-0.61
Volatility 100 Index,353328982448,353328988888,0,2022-7-10 07:09:45 GMT,20927.27,2022-7-10 07:09:46 GMT,20927.27,2022-7-10 07:09:46 GMT,0.35,-0.35
Volatility 100 Index,353328676248,353328683168,0,2022-7-10 07:07:02 GMT,20933.36,2022-7-10 07:07:04 GMT,20933.36,2022-7-10 07:07:04 GMT,0.35,0.31
Volatility 100 Index,353328641788,353328649608,0,2022-7-10 07:06:44 GMT,20937.59,2022-7-10 07:06:46 GMT,20937.59,2022-7-10 07:06:46 GMT,0.35,0.31
Volatility 100 Index,353328495288,353328500348,0,2022-7-10 07:05:28 GMT,20959.56,2022-7-10 07:05:30 GMT,20959.56,2022-7-10 07:05:30 GMT,0.35,0.31
Volatility 100 Index,353328470008,353328475168,0,2022-7-10 07:05:14 GMT,20944.06,2022-7-10 07:05:16 GMT,20944.06,2022-7-10 07:05:16 GMT,0.61,0.57
Volatility 100 Index,353328457288,353328462388,0,2022-7-10 07:05:07 GMT,20942.93,2022-7-10 07:05:08 GMT,20942.93,2022-7-10 07:05:08 GMT,0.35,-0.35
Volatility 100 Index,353328436088,353328442348,0,2022-7-10 07:04:56 GMT,20941.53,2022-7-10 07:04:58 GMT,20941.53,2022-7-10 07:04:58 GMT,3.27,3.14
Volatility 100 Index,353328265508,353328271168,0,2022-7-10 07:03:28 GMT,20945.23,2022-7-10 07:03:30 GMT,20945.23,2022-7-10 07:03:30 GMT,1.87,-1.87
Volatility 100 Index,353328254268,353328262328,0,2022-7-10 07:03:22 GMT,20962.11,2022-7-10 07:03:24 GMT,20962.11,2022-7-10 07:03:24 GMT,1.07,-1.07
Volatility 100 Index,353328173188,353328177848,0,2022-7-10 07:02:41 GMT,20987.55,2022-7-10 07:02:42 GMT,20987.55,2022-7-10 07:02:42 GMT,0.61,-0.61
Volatility 100 Index,353328139728,353328145748,0,2022-7-10 07:02:24 GMT,20999.17,2022-7-10 07:02:26 GMT,20999.17,2022-7-10 07:02:26 GMT,0.35,-0.35